{
  "version": 1,
  "author": "Anonymous maker",
  "editor": "wokwi",
  "parts": [
    { "type": "wokwi-breadboard-half", "id": "bb1", "top": -204.6, "left": 329.2, "attrs": {} },
    { "type": "wokwi-arduino-uno", "id": "uno", "top": 29.4, "left": -10.2, "attrs": {} },
    { "type": "wokwi-potentiometer", "id": "pot1", "top": -366.1, "left": 345.4, "attrs": {} },
    {
      "type": "wokwi-led",
      "id": "led1",
      "top": -157.2,
      "left": 416.6,
      "attrs": { "color": "red" }
    },
    {
      "type": "wokwi-resistor",
      "id": "r1",
      "top": -226.45,
      "left": 470.4,
      "attrs": { "value": "1000" }
    }
  ],
  "connections": [
    [ "uno:9", "bb1:14t.e", "green", [ "v-288", "h327.2" ] ],
    [ "uno:GND.2", "bb1:tn.2", "blue", [ "v0" ] ],
    [ "uno:5V", "bb1:4t.a", "red", [ "v0" ] ],
    [ "pot1:GND", "bb1:4t.e", "black", [ "v86.4", "h9.6" ] ],
    [ "pot1:SIG", "bb1:5t.e", "green", [ "v76.8", "h28.4", "v105.6" ] ],
    [ "uno:A0", "bb1:5t.a", "green", [ "v-355.3", "h195.8" ] ],
    [ "pot1:VCC", "bb1:6t.e", "red", [ "h28", "v182.4" ] ],
    [ "led1:A", "bb1:10t.e", "", [ "$bb" ] ],
    [ "led1:C", "bb1:9t.e", "", [ "$bb" ] ],
    [ "bb1:tn.5", "bb1:6t.a", "blue", [ "v0" ] ],
    [ "bb1:tn.7", "bb1:9t.a", "blue", [ "v0" ] ],
    [ "r1:1", "bb1:10t.a", "green", [ "h-28.8", "v67.2" ] ],
    [ "r1:2", "bb1:14t.a", "green", [ "v0" ] ]
  ],
  "dependencies": {}
}