{
  "version": 1,
  "author": "Anonymous maker",
  "editor": "wokwi",
  "parts": [
    { "type": "wokwi-breadboard-half", "id": "bb1", "top": -271.8, "left": 175.6, "attrs": {} },
    { "type": "wokwi-arduino-uno", "id": "uno", "top": 29.4, "left": -10.2, "attrs": {} },
    {
      "type": "wokwi-resistor",
      "id": "r1",
      "top": -149.65,
      "left": 259.2,
      "attrs": { "value": "1000" }
    },
    {
      "type": "wokwi-led",
      "id": "led1",
      "top": -195.6,
      "left": 234.2,
      "attrs": { "color": "red" }
    }
  ],
  "connections": [
    [ "uno:GND.2", "bb1:6b.j", "blue", [ "v0" ] ],
    [ "uno:8", "bb1:11b.j", "blue", [ "h192.4", "v-153.6" ] ],
    [ "r1:1", "bb1:7b.i", "green", [ "v0" ] ],
    [ "r1:1", "bb1:7b.g", "", [ "$bb" ] ],
    [ "r1:2", "bb1:13b.g", "", [ "$bb" ] ],
    [ "r1:2", "bb1:11b.i", "green", [ "v0" ] ],
    [ "led1:A", "bb1:7b.f", "", [ "$bb" ] ],
    [ "led1:C", "bb1:6b.f", "", [ "$bb" ] ]
  ],
  "dependencies": {}
}