{
  "version": 1,
  "author": "Anonymous maker",
  "editor": "wokwi",
  "parts": [
    { "type": "wokwi-breadboard-half", "id": "bb1", "top": -271.8, "left": 175.6, "attrs": {} },
    { "type": "wokwi-arduino-uno", "id": "uno", "top": 29.4, "left": -10.2, "attrs": {} },
    {
      "type": "wokwi-resistor",
      "id": "r1",
      "top": -254.4,
      "left": 297.05,
      "rotate": 90,
      "attrs": { "value": "1000" }
    },
    {
      "type": "wokwi-led",
      "id": "led1",
      "top": -243.6,
      "left": 339.8,
      "attrs": { "color": "red" }
    },
    {
      "type": "wokwi-pushbutton-6mm",
      "id": "btn1",
      "top": -181.4,
      "left": 263.2,
      "rotate": 90,
      "attrs": { "color": "green", "xray": "1" }
    },
    {
      "type": "wokwi-resistor",
      "id": "r2",
      "top": -302.4,
      "left": 383.45,
      "rotate": 180,
      "attrs": { "value": "1000" }
    }
  ],
  "connections": [
    [ "uno:8", "bb1:22t.a", "blue", [ "h240.4", "v-259.2" ] ],
    [ "uno:2", "bb1:10b.j", "blue", [ "v0" ] ],
    [ "uno:5V", "bb1:8t.a", "blue", [ "v0" ] ],
    [ "uno:GND.2", "bb1:tn.2", "blue", [ "v-393.7", "h-34.5" ] ],
    [ "r1:2", "bb1:10t.b", "green", [ "h0" ] ],
    [ "r1:1", "bb1:tn.8", "green", [ "h-48", "v28.9" ] ],
    [ "bb1:tn.14", "bb1:17t.a", "blue", [ "v0" ] ],
    [ "r2:2", "bb1:18t.d", "green", [ "v0" ] ],
    [ "r2:1", "bb1:22t.b", "green", [ "v0" ] ],
    [ "led1:A", "bb1:18t.c", "", [ "$bb" ] ],
    [ "led1:C", "bb1:17t.c", "", [ "$bb" ] ],
    [ "btn1:1.l", "bb1:10t.e", "", [ "$bb" ] ],
    [ "btn1:2.l", "bb1:8t.e", "", [ "$bb" ] ],
    [ "btn1:1.r", "bb1:10b.f", "", [ "$bb" ] ],
    [ "btn1:2.r", "bb1:8b.f", "", [ "$bb" ] ],
    [ "r1:2", "bb1:14t.a", "", [ "$bb" ] ]
  ],
  "dependencies": {}
}